frames/frame1.pickle,637,533,820,542
frames/frame2.pickle,580,522,898,513
frames/frame3.pickle,577,511,867,510
frames/frame4.pickle,576,520,862,519
frames/frame5.pickle,582,516,902,511
frames/frame6.pickle,561,546,879,526
frames/frame7.pickle,575,534,864,526
frames/frame8.pickle,622,527,838,520
frames/frame9.pickle,634,513,817,529
frames/frame10.pickle,606,532,829,530
frames/frame11.pickle,580,514,899,510
frames/frame12.pickle,574,514,896,508
frames/frame13.pickle,564,540,878,531
frames/frame14.pickle,650,525,781,518
frames/frame15.pickle,642,519,810,513
frames/frame16.pickle,616,526,804,519
frames/frame17.pickle,568,514,888,509
frames/frame18.pickle,715,515,748,512
frames/frame19.pickle,630,529,791,526
frames/frame20.pickle,565,557,875,536
frames/frame21.pickle,704,525,740,519
frames/frame22.pickle,561,537,881,536
frames/frame23.pickle,568,536,872,538
frames/frame24.pickle,737,527,684,536
frames/frame25.pickle,621,520,839,509
frames/frame26.pickle,634,513,815,525
frames/frame27.pickle,651,503,795,538
frames/frame28.pickle,561,544,867,541
frames/frame29.pickle,631,528,809,529
frames/frame30.pickle,604,530,808,526
frames/frame31.pickle,567,505,887,517
frames/frame32.pickle,564,544,870,530
frames/frame33.pickle,633,513,797,524
frames/frame34.pickle,726,510,761,506
frames/frame35.pickle,567,512,880,524
frames/frame36.pickle,714,509,752,505
frames/frame37.pickle,578,509,892,504
frames/frame38.pickle,564,520,877,521
frames/frame39.pickle,581,515,897,508
frames/frame40.pickle,580,541,890,518
frames/frame41.pickle,564,548,879,524
frames/frame42.pickle,635,517,800,510
frames/frame43.pickle,590,513,886,505
frames/frame44.pickle,726,502,760,505
frames/frame45.pickle,641,525,782,517
frames/frame46.pickle,574,516,883,510
frames/frame47.pickle,632,520,801,513
frames/frame48.pickle,562,538,878,534
frames/frame49.pickle,559,545,873,531
frames/frame50.pickle,678,523,741,524
frames/frame51.pickle,586,517,902,503
frames/frame52.pickle,621,520,831,507
frames/frame53.pickle,673,522,768,522
frames/frame54.pickle,574,534,892,524
frames/frame55.pickle,563,543,869,525
frames/frame56.pickle,558,560,860,532
frames/frame57.pickle,729,507,766,504
frames/frame58.pickle,589,518,878,506
frames/frame59.pickle,723,510,745,511
frames/frame60.pickle,551,559,860,532
frames/frame61.pickle,713,512,759,508
frames/frame62.pickle,570,532,878,526
frames/frame63.pickle,667,523,788,525
frames/frame64.pickle,632,538,775,538
frames/frame65.pickle,623,524,802,511
frames/frame66.pickle,719,513,754,504
frames/frame67.pickle,726,502,767,498
frames/frame68.pickle,693,502,751,510
frames/frame69.pickle,580,534,894,516
frames/frame70.pickle,571,519,887,514
frames/frame71.pickle,621,527,835,518
frames/frame72.pickle,724,513,752,509
frames/frame73.pickle,725,514,764,511
frames/frame74.pickle,645,512,779,526
frames/frame75.pickle,573,517,894,508
frames/frame76.pickle,725,509,761,510
frames/frame77.pickle,584,513,900,507
frames/frame78.pickle,573,531,887,522
frames/frame79.pickle,568,527,882,518
frames/frame80.pickle,563,549,862,533
frames/frame81.pickle,719,507,750,504
frames/frame82.pickle,686,517,773,516
frames/frame83.pickle,569,536,880,514
frames/frame84.pickle,626,522,830,519
frames/frame85.pickle,618,521,840,511
frames/frame86.pickle,728,506,764,506
frames/frame87.pickle,577,529,845,537
frames/frame88.pickle,578,525,892,503
frames/frame89.pickle,580,507,864,507
frames/frame90.pickle,581,516,896,507
frames/frame91.pickle,731,504,758,500
frames/frame92.pickle,575,523,890,508
frames/frame93.pickle,581,514,894,505
frames/frame94.pickle,685,522,752,523
frames/frame95.pickle,625,543,798,530
frames/frame96.pickle,657,530,769,526
frames/frame97.pickle,685,494,735,493
frames/frame98.pickle,735,497,757,493
frames/frame99.pickle,670,523,770,516
frames/frame100.pickle,720,521,759,516
frames/frame101.pickle,640,514,817,508
frames/frame102.pickle,693,529,725,525
frames/frame103.pickle,625,516,840,505
frames/frame104.pickle,575,536,881,533
frames/frame105.pickle,577,541,878,528
frames/frame106.pickle,723,513,748,508
frames/frame107.pickle,597,539,839,527
frames/frame108.pickle,701,520,732,518
frames/frame109.pickle,629,509,822,500
frames/frame110.pickle,580,533,882,528
frames/frame111.pickle,571,543,881,532
frames/frame112.pickle,728,502,762,499
frames/frame113.pickle,728,506,754,507
frames/frame114.pickle,569,504,887,513
frames/frame115.pickle,682,515,743,511
frames/frame116.pickle,692,525,774,522
frames/frame117.pickle,570,555,844,534
frames/frame118.pickle,686,560,739,499
frames/frame119.pickle,563,542,879,534
frames/frame120.pickle,572,535,875,522
frames/frame121.pickle,735,502,762,498
frames/frame122.pickle,731,511,764,505
frames/frame123.pickle,562,540,875,526
frames/frame124.pickle,727,508,767,506
frames/frame125.pickle,684,498,740,499
frames/frame126.pickle,576,515,892,510
frames/frame127.pickle,570,526,879,527
frames/frame128.pickle,635,522,809,510
frames/frame129.pickle,657,505,791,505
frames/frame130.pickle,590,533,880,523
frames/frame131.pickle,574,528,874,528
frames/frame132.pickle,652,520,787,520
frames/frame133.pickle,681,518,745,519
frames/frame134.pickle,735,507,767,507
frames/frame135.pickle,574,541,875,520
frames/frame136.pickle,565,550,865,521
frames/frame137.pickle,562,560,868,535
frames/frame138.pickle,576,525,883,514
frames/frame139.pickle,651,523,797,511
frames/frame140.pickle,662,522,769,516
frames/frame141.pickle,632,504,798,501
frames/frame142.pickle,632,518,801,507
frames/frame143.pickle,642,516,812,501
frames/frame144.pickle,725,509,749,503
frames/frame145.pickle,679,527,730,524
frames/frame146.pickle,564,548,860,542
frames/frame147.pickle,586,535,844,530
frames/frame148.pickle,569,540,874,531
frames/frame149.pickle,625,543,799,531
frames/frame150.pickle,584,511,875,513
frames/frame151.pickle,600,527,808,530
frames/frame152.pickle,677,504,782,514
frames/frame153.pickle,559,539,877,533
frames/frame154.pickle,618,530,801,529
frames/frame155.pickle,654,515,780,527
frames/frame156.pickle,695,520,745,518
frames/frame157.pickle,564,555,866,533
frames/frame158.pickle,578,514,875,513
frames/frame159.pickle,623,529,839,520
frames/frame160.pickle,583,509,878,515
frames/frame161.pickle,727,508,763,507
frames/frame162.pickle,574,526,889,511
frames/frame163.pickle,656,516,781,522
frames/frame164.pickle,719,510,755,514
frames/frame165.pickle,584,530,875,515
frames/frame166.pickle,600,544,864,525
frames/frame167.pickle,598,559,836,537
frames/frame168.pickle,729,504,760,499
frames/frame169.pickle,570,546,877,526
frames/frame170.pickle,629,502,804,492
frames/frame171.pickle,580,525,894,510
frames/frame172.pickle,647,521,784,527
frames/frame173.pickle,717,507,750,504
frames/frame174.pickle,579,545,884,536
frames/frame175.pickle,612,526,806,515
frames/frame176.pickle,587,536,890,522
frames/frame177.pickle,585,517,900,510
frames/frame178.pickle,575,513,892,507
frames/frame179.pickle,676,518,784,520
frames/frame180.pickle,672,509,774,515
frames/frame181.pickle,578,518,894,509
frames/frame182.pickle,666,521,764,516
frames/frame183.pickle,679,504,747,500
frames/frame184.pickle,566,535,868,540
frames/frame185.pickle,565,550,881,521
frames/frame186.pickle,580,523,893,515
frames/frame187.pickle,593,517,842,507
frames/frame188.pickle,631,520,841,510
frames/frame189.pickle,603,525,839,521
frames/frame190.pickle,568,515,886,511
frames/frame191.pickle,559,548,864,538
frames/frame192.pickle,660,504,806,501
frames/frame193.pickle,576,535,884,517
frames/frame194.pickle,582,551,891,529
frames/frame195.pickle,583,522,885,519
frames/frame196.pickle,733,508,755,506
frames/frame197.pickle,626,506,790,499
frames/frame198.pickle,569,549,887,528
frames/frame199.pickle,732,506,762,508
frames/frame200.pickle,575,512,888,523
frames/frame201.pickle,692,527,762,524
frames/frame202.pickle,691,523,746,517
frames/frame203.pickle,575,541,860,528
frames/frame204.pickle,673,494,808,505
frames/frame205.pickle,584,521,892,512
frames/frame206.pickle,573,520,870,524
frames/frame207.pickle,574,511,888,516
frames/frame208.pickle,727,512,756,512
frames/frame209.pickle,684,517,750,523
frames/frame210.pickle,576,533,882,513
frames/frame211.pickle,625,511,838,511
frames/frame212.pickle,574,516,880,511
frames/frame213.pickle,576,508,880,512
frames/frame214.pickle,586,511,885,507
frames/frame215.pickle,644,511,786,534
frames/frame216.pickle,658,518,786,528
frames/frame217.pickle,592,533,834,532
frames/frame218.pickle,581,521,894,516
frames/frame219.pickle,577,519,894,515
frames/frame220.pickle,595,517,880,510
frames/frame221.pickle,573,543,879,541
frames/frame222.pickle,627,510,840,506
frames/frame223.pickle,699,528,721,523
frames/frame224.pickle,575,529,868,528
frames/frame225.pickle,661,516,762,520
frames/frame226.pickle,586,524,901,523
frames/frame227.pickle,717,513,752,510
frames/frame228.pickle,700,523,738,522
frames/frame229.pickle,643,533,785,524
frames/frame230.pickle,661,509,794,513
frames/frame231.pickle,635,513,778,506
frames/frame232.pickle,587,536,847,533
frames/frame233.pickle,664,522,801,518
frames/frame234.pickle,619,532,860,526
frames/frame235.pickle,586,514,889,507
frames/frame236.pickle,671,532,739,526
frames/frame237.pickle,728,511,762,511
frames/frame238.pickle,569,542,867,531
frames/frame239.pickle,583,519,891,509
frames/frame240.pickle,726,507,770,506
frames/frame241.pickle,622,532,813,525
frames/frame242.pickle,726,498,752,492
frames/frame243.pickle,733,503,762,503
frames/frame244.pickle,588,538,900,529
frames/frame245.pickle,590,505,867,507
frames/frame246.pickle,677,517,748,509
frames/frame247.pickle,567,535,877,520
frames/frame248.pickle,573,533,861,524
frames/frame249.pickle,581,509,875,510
frames/frame250.pickle,579,537,890,524
frames/frame251.pickle,576,515,887,512
frames/frame252.pickle,578,537,883,529
frames/frame253.pickle,736,501,764,501
frames/frame254.pickle,580,512,889,509
frames/frame255.pickle,734,514,762,510
frames/frame256.pickle,566,523,869,508
frames/frame257.pickle,585,535,875,521
frames/frame258.pickle,674,544,774,545
frames/frame259.pickle,567,554,862,531
frames/frame260.pickle,584,514,905,508
frames/frame261.pickle,580,513,902,500
frames/frame262.pickle,724,507,750,502
frames/frame263.pickle,545,566,849,535
frames/frame264.pickle,707,518,735,517
frames/frame265.pickle,574,542,894,521
frames/frame266.pickle,561,539,873,518
frames/frame267.pickle,576,508,892,501
frames/frame268.pickle,728,502,758,501
frames/frame269.pickle,694,505,754,517
frames/frame270.pickle,596,529,822,520
frames/frame271.pickle,737,507,759,509
frames/frame272.pickle,597,536,867,521
frames/frame273.pickle,570,535,883,514
frames/frame274.pickle,558,516,872,513
frames/frame275.pickle,558,557,849,527
frames/frame276.pickle,702,519,723,514
frames/frame277.pickle,675,520,738,515
frames/frame278.pickle,565,556,851,534
frames/frame279.pickle,634,509,795,500
frames/frame280.pickle,733,507,759,504
frames/frame281.pickle,724,507,754,505
frames/frame282.pickle,686,501,758,505
frames/frame283.pickle,574,547,883,531
frames/frame284.pickle,728,512,756,505
frames/frame285.pickle,556,526,861,523
frames/frame286.pickle,565,551,854,531
frames/frame287.pickle,580,512,892,506
frames/frame288.pickle,689,534,723,531
frames/frame289.pickle,582,507,898,541
frames/frame290.pickle,574,547,884,520
frames/frame291.pickle,735,496,757,497
frames/frame292.pickle,719,502,747,501
frames/frame293.pickle,729,505,758,502
frames/frame294.pickle,605,519,831,515
frames/frame295.pickle,570,540,881,538
frames/frame296.pickle,658,523,789,513
frames/frame297.pickle,656,523,783,515
frames/frame298.pickle,561,537,871,529
frames/frame299.pickle,564,523,875,521
frames/frame300.pickle,563,538,879,539
frames/frame301.pickle,706,519,737,517
frames/frame302.pickle,729,507,755,502
frames/frame303.pickle,632,508,800,510
frames/frame304.pickle,718,505,748,500
frames/frame305.pickle,618,517,801,516
frames/frame306.pickle,579,513,893,503
frames/frame307.pickle,649,509,796,515
frames/frame308.pickle,564,543,865,539
frames/frame309.pickle,617,519,788,514
frames/frame310.pickle,721,513,749,509
frames/frame311.pickle,581,538,842,521
frames/frame312.pickle,724,513,753,508
frames/frame313.pickle,591,542,841,531
frames/frame314.pickle,652,511,778,509
frames/frame315.pickle,574,540,870,533
frames/frame316.pickle,548,560,867,527
frames/frame317.pickle,588,511,896,506
frames/frame318.pickle,738,503,764,503
frames/frame319.pickle,723,507,755,507
frames/frame320.pickle,652,529,774,527
frames/frame321.pickle,631,516,797,506
frames/frame322.pickle,626,527,841,516
frames/frame323.pickle,739,507,761,504
frames/frame324.pickle,643,511,778,501
frames/frame325.pickle,692,502,744,498
frames/frame326.pickle,725,513,751,511
frames/frame327.pickle,635,533,832,525
frames/frame328.pickle,580,532,861,534
frames/frame329.pickle,655,524,767,513
frames/frame330.pickle,689,520,750,510
frames/frame331.pickle,571,514,880,518
frames/frame332.pickle,609,505,899,530
frames/frame333.pickle,672,526,767,510
frames/frame334.pickle,577,531,882,526
frames/frame335.pickle,685,524,748,520
frames/frame336.pickle,563,545,872,530
frames/frame337.pickle,575,507,890,512
frames/frame338.pickle,705,521,736,517
frames/frame339.pickle,654,505,798,507
frames/frame340.pickle,592,539,864,531
frames/frame341.pickle,584,526,854,520
frames/frame342.pickle,726,509,743,509
frames/frame343.pickle,711,512,750,514
frames/frame344.pickle,581,523,887,510
frames/frame345.pickle,638,520,820,514
frames/frame346.pickle,577,518,885,513
frames/frame347.pickle,728,503,754,500
frames/frame348.pickle,603,522,794,519
frames/frame349.pickle,632,524,785,516
frames/frame350.pickle,571,541,884,533
frames/frame351.pickle,657,501,779,501
frames/frame352.pickle,654,521,774,513
frames/frame353.pickle,716,496,744,500
frames/frame354.pickle,683,512,740,513
frames/frame355.pickle,647,509,774,519
frames/frame356.pickle,603,537,870,528
frames/frame357.pickle,587,515,889,506
frames/frame358.pickle,661,514,790,508
frames/frame359.pickle,574,531,889,511
frames/frame360.pickle,586,532,891,521
frames/frame361.pickle,733,496,754,496
frames/frame362.pickle,584,542,894,530
frames/frame363.pickle,656,513,787,515
frames/frame364.pickle,703,521,740,523
frames/frame365.pickle,579,536,854,523
frames/frame366.pickle,720,515,754,514
frames/frame367.pickle,675,494,775,499
frames/frame368.pickle,629,505,816,499
frames/frame369.pickle,684,518,744,516
frames/frame370.pickle,565,527,874,534
frames/frame371.pickle,586,520,896,504
frames/frame372.pickle,565,514,867,514
frames/frame373.pickle,654,503,781,515
frames/frame374.pickle,609,540,809,532
frames/frame375.pickle,654,520,803,513
frames/frame376.pickle,588,512,891,506
frames/frame377.pickle,722,509,746,507
frames/frame378.pickle,722,501,747,499
frames/frame379.pickle,627,520,815,522
frames/frame380.pickle,662,510,803,531
frames/frame381.pickle,571,551,853,531
frames/frame382.pickle,717,509,748,510
frames/frame383.pickle,581,534,885,523
frames/frame384.pickle,735,504,754,499
frames/frame385.pickle,554,520,865,529
frames/frame386.pickle,568,546,877,528
frames/frame387.pickle,630,524,837,515
frames/frame388.pickle,567,539,875,520
frames/frame389.pickle,572,543,860,536
frames/frame390.pickle,569,541,872,532
frames/frame391.pickle,574,536,883,515
frames/frame392.pickle,618,505,818,509
frames/frame393.pickle,558,558,851,533
frames/frame394.pickle,634,527,781,527
frames/frame395.pickle,694,525,721,523
frames/frame396.pickle,677,512,744,501
frames/frame397.pickle,692,525,720,522
frames/frame398.pickle,732,503,758,503
frames/frame399.pickle,700,552,738,485
frames/frame400.pickle,632,524,861,512
frames/frame401.pickle,690,559,737,489
frames/frame402.pickle,561,541,877,532
frames/frame403.pickle,661,519,788,520
frames/frame404.pickle,636,519,822,510
frames/frame405.pickle,577,541,873,528
frames/frame406.pickle,735,501,758,499
frames/frame407.pickle,568,539,868,532
frames/frame408.pickle,583,530,846,509
frames/frame409.pickle,564,540,869,536
frames/frame410.pickle,584,511,888,508
frames/frame411.pickle,632,507,806,514
frames/frame412.pickle,575,546,882,538
frames/frame413.pickle,587,540,847,527
frames/frame414.pickle,574,536,893,523
frames/frame415.pickle,623,529,790,521
frames/frame416.pickle,568,510,879,514
frames/frame417.pickle,625,517,789,520
frames/frame418.pickle,667,527,764,511
frames/frame419.pickle,733,497,755,496
frames/frame420.pickle,626,517,818,500
frames/frame421.pickle,567,511,882,515
frames/frame422.pickle,572,512,876,509
frames/frame423.pickle,679,517,788,522
frames/frame424.pickle,727,505,756,507
frames/frame425.pickle,632,519,818,512
frames/frame426.pickle,605,544,812,525
frames/frame427.pickle,630,520,789,522
frames/frame428.pickle,582,514,884,509
frames/frame429.pickle,588,540,878,521
frames/frame430.pickle,732,503,759,502
frames/frame431.pickle,585,517,890,509
frames/frame432.pickle,723,514,752,508
frames/frame433.pickle,637,534,792,530
frames/frame434.pickle,620,522,834,510
frames/frame435.pickle,675,523,754,528
frames/frame436.pickle,727,508,755,508
frames/frame437.pickle,623,516,796,508
frames/frame438.pickle,725,512,754,509
frames/frame439.pickle,694,575,733,498
frames/frame440.pickle,570,528,880,513
frames/frame441.pickle,569,508,879,510
frames/frame442.pickle,560,547,865,534
frames/frame443.pickle,571,528,861,535
frames/frame444.pickle,628,521,800,514
frames/frame445.pickle,579,533,885,511
frames/frame446.pickle,580,517,891,506
frames/frame447.pickle,661,503,793,506
frames/frame448.pickle,639,514,799,495
frames/frame449.pickle,575,535,883,541
frames/frame450.pickle,577,541,868,528
frames/frame451.pickle,588,514,892,511
frames/frame452.pickle,719,509,757,508
frames/frame453.pickle,634,506,819,498
frames/frame454.pickle,740,510,771,510
frames/frame455.pickle,637,516,793,501
frames/frame456.pickle,574,543,882,528
frames/frame457.pickle,717,513,746,515
frames/frame458.pickle,611,533,823,525
frames/frame459.pickle,555,559,848,528
frames/frame460.pickle,715,509,757,510
frames/frame461.pickle,657,507,807,514
frames/frame462.pickle,568,537,869,529
frames/frame463.pickle,671,527,766,524
frames/frame464.pickle,603,516,833,533
frames/frame465.pickle,658,514,793,527
frames/frame466.pickle,668,516,764,512
frames/frame467.pickle,628,506,777,503
frames/frame468.pickle,682,524,759,507
frames/frame469.pickle,586,542,909,539
frames/frame470.pickle,577,548,886,531
frames/frame471.pickle,681,507,748,499
frames/frame472.pickle,616,524,845,506
frames/frame473.pickle,569,557,862,533
frames/frame474.pickle,576,535,867,532
frames/frame475.pickle,610,531,828,526
frames/frame476.pickle,584,512,901,504
frames/frame477.pickle,561,540,873,527
frames/frame478.pickle,661,500,791,510
frames/frame479.pickle,633,520,785,533
frames/frame480.pickle,681,516,744,509
frames/frame481.pickle,694,557,733,487
frames/frame482.pickle,687,552,737,489
frames/frame483.pickle,563,531,885,527
frames/frame484.pickle,580,539,881,512
frames/frame485.pickle,700,555,741,481
frames/frame486.pickle,578,517,894,510
frames/frame487.pickle,581,505,902,535
frames/frame488.pickle,612,533,804,528
frames/frame489.pickle,575,506,882,510
frames/frame490.pickle,570,537,887,520
frames/frame491.pickle,569,536,877,534
frames/frame492.pickle,560,530,886,527
frames/frame493.pickle,578,513,888,503
frames/frame494.pickle,741,501,760,499
frames/frame495.pickle,603,551,871,522
frames/frame496.pickle,610,509,849,505
frames/frame497.pickle,710,518,736,517
frames/frame498.pickle,572,500,885,511
frames/frame499.pickle,740,501,758,503
frames/frame500.pickle,572,503,886,518
frames/frame501.pickle,571,503,882,517
frames/frame502.pickle,654,512,784,512
frames/frame503.pickle,651,512,799,509
frames/frame504.pickle,667,526,764,517
frames/frame505.pickle,666,524,795,508
frames/frame506.pickle,669,519,765,510
frames/frame507.pickle,638,515,782,512
frames/frame508.pickle,627,526,794,516
frames/frame509.pickle,739,505,760,508
frames/frame510.pickle,626,516,784,505
frames/frame511.pickle,709,517,736,520
frames/frame512.pickle,723,517,754,515
frames/frame513.pickle,718,516,779,538
frames/frame514.pickle,726,503,752,504
frames/frame515.pickle,562,532,877,536
frames/frame516.pickle,722,505,752,505
frames/frame517.pickle,726,509,761,509
frames/frame518.pickle,671,530,746,527
frames/frame519.pickle,590,512,893,506
frames/frame520.pickle,575,530,882,508
frames/frame521.pickle,620,505,835,498
frames/frame522.pickle,574,537,880,531
frames/frame523.pickle,580,522,845,515
frames/frame524.pickle,556,552,867,533
frames/frame525.pickle,727,502,757,503
frames/frame526.pickle,708,516,730,515
frames/frame527.pickle,666,526,768,515
frames/frame528.pickle,581,540,854,526
frames/frame529.pickle,610,518,847,513
frames/frame530.pickle,651,520,792,524
frames/frame531.pickle,734,505,754,504
frames/frame532.pickle,585,512,891,505
frames/frame533.pickle,564,555,865,540
frames/frame534.pickle,726,511,752,506
frames/frame535.pickle,579,506,876,510
frames/frame536.pickle,678,562,740,502
frames/frame537.pickle,635,522,794,515
frames/frame538.pickle,567,539,875,524
frames/frame539.pickle,575,535,887,520
frames/frame540.pickle,700,525,732,527
frames/frame541.pickle,626,515,796,507
frames/frame542.pickle,674,543,780,542
frames/frame543.pickle,630,514,793,510
frames/frame544.pickle,559,530,870,529
frames/frame545.pickle,572,532,852,521
frames/frame546.pickle,572,543,876,523
frames/frame547.pickle,644,509,779,525
frames/frame548.pickle,573,506,871,512
frames/frame549.pickle,574,501,881,502
frames/frame550.pickle,666,511,787,510
frames/frame551.pickle,581,506,900,507
frames/frame552.pickle,729,510,758,504
frames/frame553.pickle,670,520,763,509
frames/frame554.pickle,717,511,749,506
frames/frame555.pickle,589,511,897,505
frames/frame556.pickle,581,518,893,514
frames/frame557.pickle,730,512,756,506
frames/frame558.pickle,703,517,735,516
frames/frame559.pickle,629,523,790,508
frames/frame560.pickle,587,520,878,508
frames/frame561.pickle,725,507,747,506
frames/frame562.pickle,731,503,767,507
frames/frame563.pickle,709,513,731,509
frames/frame564.pickle,685,509,740,515
frames/frame565.pickle,704,512,723,509
frames/frame566.pickle,584,540,887,527
frames/frame567.pickle,592,531,839,533
frames/frame568.pickle,673,526,749,524
frames/frame569.pickle,725,505,751,507
frames/frame570.pickle,603,514,878,504
frames/frame571.pickle,656,502,791,508
frames/frame572.pickle,600,541,843,528
frames/frame573.pickle,631,516,793,495
frames/frame574.pickle,676,539,744,537
frames/frame575.pickle,669,524,766,512
frames/frame576.pickle,655,517,775,507
frames/frame577.pickle,575,550,853,538
frames/frame578.pickle,665,521,789,521
frames/frame579.pickle,744,487,760,488
frames/frame580.pickle,691,516,769,518
frames/frame581.pickle,572,507,874,506
frames/frame582.pickle,583,535,850,526
frames/frame583.pickle,681,559,748,509
frames/frame584.pickle,733,502,758,504
frames/frame585.pickle,654,509,795,512
frames/frame586.pickle,668,512,785,516
frames/frame587.pickle,682,548,741,491
frames/frame588.pickle,731,503,747,501
frames/frame589.pickle,665,529,767,520
frames/frame590.pickle,569,540,871,536
frames/frame591.pickle,649,520,778,511
frames/frame592.pickle,635,519,792,504
frames/frame593.pickle,565,544,860,533
frames/frame594.pickle,672,520,780,525
frames/frame595.pickle,663,521,766,512
frames/frame596.pickle,659,513,788,507
frames/frame597.pickle,672,509,716,514
frames/frame598.pickle,731,506,750,502
frames/frame599.pickle,629,523,826,510
frames/frame600.pickle,701,523,732,518
frames/frame601.pickle,717,527,768,525
frames/frame602.pickle,581,509,883,504
frames/frame603.pickle,572,539,888,526
frames/frame604.pickle,581,535,887,522
frames/frame605.pickle,623,525,823,522
frames/frame606.pickle,568,547,876,534
frames/frame607.pickle,597,512,871,501
frames/frame608.pickle,739,506,765,510
frames/frame609.pickle,653,502,784,536
frames/frame610.pickle,627,515,798,512
frames/frame611.pickle,684,517,756,508
frames/frame612.pickle,645,512,785,508
frames/frame613.pickle,589,507,892,529
frames/frame614.pickle,576,529,880,508
frames/frame615.pickle,663,528,746,519
frames/frame616.pickle,641,513,796,514
frames/frame617.pickle,735,500,750,503
frames/frame618.pickle,591,525,845,522
frames/frame619.pickle,584,515,893,515
frames/frame620.pickle,581,536,886,519
frames/frame621.pickle,582,519,894,511
frames/frame622.pickle,567,540,875,524
frames/frame623.pickle,565,535,872,526
frames/frame624.pickle,634,518,825,510
frames/frame625.pickle,643,520,807,513
frames/frame626.pickle,579,543,889,535
frames/frame627.pickle,587,535,847,515
frames/frame628.pickle,592,501,870,499
frames/frame629.pickle,575,507,872,514
frames/frame630.pickle,569,549,871,541
frames/frame631.pickle,645,509,794,498
frames/frame632.pickle,558,550,866,550
frames/frame633.pickle,568,538,876,520
frames/frame634.pickle,656,520,778,524
frames/frame635.pickle,669,522,765,510
frames/frame636.pickle,729,509,759,505
frames/frame637.pickle,559,551,858,536
frames/frame638.pickle,559,545,856,539
frames/frame639.pickle,638,517,789,513
frames/frame640.pickle,573,532,884,524
frames/frame641.pickle,579,540,868,527
frames/frame642.pickle,618,516,821,509
frames/frame643.pickle,660,508,805,501
frames/frame644.pickle,706,520,764,514
frames/frame645.pickle,579,523,883,505
frames/frame646.pickle,567,521,878,525
frames/frame647.pickle,581,531,878,508
frames/frame648.pickle,650,518,812,513
frames/frame649.pickle,730,508,750,508
frames/frame650.pickle,569,536,865,526
frames/frame651.pickle,612,511,786,509
frames/frame652.pickle,577,512,893,503
frames/frame653.pickle,574,534,876,519
frames/frame654.pickle,578,529,895,523
frames/frame655.pickle,696,516,763,515
frames/frame656.pickle,721,512,754,510
frames/frame657.pickle,582,515,894,504
frames/frame658.pickle,721,507,758,503
frames/frame659.pickle,631,518,800,505
frames/frame660.pickle,643,538,781,494
frames/frame661.pickle,644,519,809,502
frames/frame662.pickle,687,511,739,515
frames/frame663.pickle,575,513,889,502
frames/frame664.pickle,633,518,804,520
frames/frame665.pickle,578,504,866,500
frames/frame666.pickle,731,505,761,505
frames/frame667.pickle,571,540,875,524
frames/frame668.pickle,688,511,749,517
frames/frame669.pickle,572,539,875,532
frames/frame670.pickle,582,506,885,503
frames/frame671.pickle,663,526,765,515
frames/frame672.pickle,580,532,887,507
frames/frame673.pickle,679,516,751,516
frames/frame674.pickle,667,518,743,518
frames/frame675.pickle,720,507,756,503
frames/frame676.pickle,734,500,755,496
frames/frame677.pickle,571,535,854,532
frames/frame678.pickle,733,504,761,504
frames/frame679.pickle,630,506,805,509
frames/frame680.pickle,705,516,738,517
frames/frame681.pickle,723,511,747,504
frames/frame682.pickle,578,509,894,496
frames/frame683.pickle,678,526,736,520
frames/frame684.pickle,649,505,773,508
frames/frame685.pickle,596,528,812,522
frames/frame686.pickle,566,544,859,530
frames/frame687.pickle,627,522,781,522
frames/frame688.pickle,594,533,836,530
frames/frame689.pickle,725,508,747,502
frames/frame690.pickle,564,536,872,522
frames/frame691.pickle,578,543,887,519
frames/frame692.pickle,696,524,721,524
frames/frame693.pickle,726,502,754,495
frames/frame694.pickle,593,545,850,533
frames/frame695.pickle,731,502,760,502
frames/frame696.pickle,728,509,753,503
frames/frame697.pickle,627,521,786,506
frames/frame698.pickle,642,516,784,519
frames/frame699.pickle,623,523,836,516
frames/frame700.pickle,581,526,885,512
frames/frame701.pickle,583,511,897,505
frames/frame702.pickle,603,529,862,518
frames/frame703.pickle,579,528,897,516
frames/frame704.pickle,581,517,892,510
frames/frame705.pickle,573,521,888,514
frames/frame706.pickle,583,520,832,528
frames/frame707.pickle,682,519,747,512
frames/frame708.pickle,624,510,848,505
frames/frame709.pickle,569,540,878,530
frames/frame710.pickle,720,504,755,500
frames/frame711.pickle,723,510,754,504
frames/frame712.pickle,654,512,804,515
frames/frame713.pickle,725,507,754,502
frames/frame714.pickle,662,499,777,497
frames/frame715.pickle,658,543,762,523
frames/frame716.pickle,654,494,803,511
frames/frame717.pickle,574,541,855,530
frames/frame718.pickle,665,527,762,518
frames/frame719.pickle,619,530,826,520
frames/frame720.pickle,587,532,887,527
frames/frame721.pickle,574,513,892,507
frames/frame722.pickle,560,554,852,528
frames/frame723.pickle,568,500,877,512
frames/frame724.pickle,622,526,839,510
frames/frame725.pickle,640,515,785,517
frames/frame726.pickle,579,521,888,512
frames/frame727.pickle,562,552,874,525
frames/frame728.pickle,567,511,879,508
frames/frame729.pickle,574,533,891,507
frames/frame730.pickle,727,506,757,500
frames/frame731.pickle,582,520,893,507
frames/frame732.pickle,669,518,764,521
frames/frame733.pickle,586,534,901,528
frames/frame734.pickle,622,519,838,507
frames/frame735.pickle,569,543,882,519
frames/frame736.pickle,575,508,879,513
frames/frame737.pickle,599,529,865,517
frames/frame738.pickle,693,528,720,524
frames/frame739.pickle,575,523,892,514
frames/frame740.pickle,570,533,880,514
frames/frame741.pickle,630,521,811,511
frames/frame742.pickle,564,542,874,522
frames/frame743.pickle,570,509,880,507
frames/frame744.pickle,687,522,741,513
frames/frame745.pickle,627,509,807,491
frames/frame746.pickle,728,508,757,504
frames/frame747.pickle,662,516,776,511
frames/frame748.pickle,617,525,781,518
frames/frame749.pickle,728,506,758,501
frames/frame750.pickle,577,532,881,534
frames/frame751.pickle,720,511,751,512
frames/frame752.pickle,580,534,889,530
frames/frame753.pickle,609,531,826,526
frames/frame754.pickle,566,531,877,533
frames/frame755.pickle,627,521,818,515
frames/frame756.pickle,632,512,796,513
frames/frame757.pickle,729,510,754,502
frames/frame758.pickle,662,514,781,512
frames/frame759.pickle,589,513,890,504
frames/frame760.pickle,727,508,759,506
frames/frame761.pickle,717,511,752,512
frames/frame762.pickle,573,513,878,512
frames/frame763.pickle,592,505,886,531
frames/frame764.pickle,581,539,882,523
frames/frame765.pickle,575,511,880,507
frames/frame766.pickle,670,525,757,512
frames/frame767.pickle,673,518,767,510
frames/frame768.pickle,732,505,761,501
frames/frame769.pickle,725,509,752,506
frames/frame770.pickle,585,514,887,504
frames/frame771.pickle,600,531,823,520
frames/frame772.pickle,578,553,855,530
frames/frame773.pickle,632,511,791,494
frames/frame774.pickle,676,516,797,508
frames/frame775.pickle,571,525,869,521
frames/frame776.pickle,582,514,892,510
frames/frame777.pickle,579,537,872,515
frames/frame778.pickle,624,528,836,518
frames/frame779.pickle,577,507,889,503
frames/frame780.pickle,569,538,864,519
frames/frame781.pickle,657,521,786,508
frames/frame782.pickle,636,515,800,505
frames/frame783.pickle,572,516,885,503
frames/frame784.pickle,587,518,900,508
frames/frame785.pickle,725,509,752,507
frames/frame786.pickle,595,517,838,510
frames/frame787.pickle,728,500,760,495
frames/frame788.pickle,582,517,895,508
frames/frame789.pickle,575,540,869,526
frames/frame790.pickle,628,515,803,502
frames/frame791.pickle,580,517,893,507
frames/frame792.pickle,661,520,764,513
frames/frame793.pickle,690,521,752,522
frames/frame794.pickle,678,527,751,522
frames/frame795.pickle,656,510,773,520
frames/frame796.pickle,577,540,853,526
frames/frame797.pickle,575,527,867,521
frames/frame798.pickle,580,512,891,509
frames/frame799.pickle,580,516,894,507
frames/frame800.pickle,580,547,873,534
frames/frame801.pickle,568,544,873,525
frames/frame802.pickle,628,511,836,512
frames/frame803.pickle,652,529,815,530
frames/frame804.pickle,621,521,799,509
frames/frame805.pickle,571,516,882,512
frames/frame806.pickle,572,551,855,542
frames/frame807.pickle,623,524,833,510
frames/frame808.pickle,693,559,736,484
frames/frame809.pickle,571,516,881,511
frames/frame810.pickle,732,508,764,503
frames/frame811.pickle,669,537,802,532
frames/frame812.pickle,569,550,884,546
frames/frame813.pickle,616,520,832,510
frames/frame814.pickle,566,538,874,525
frames/frame815.pickle,681,539,767,533
frames/frame816.pickle,546,548,870,527
frames/frame817.pickle,640,506,804,511
frames/frame818.pickle,642,533,779,522
frames/frame819.pickle,568,538,880,522
frames/frame820.pickle,717,511,752,503
frames/frame821.pickle,719,507,754,505
frames/frame822.pickle,634,517,796,505
frames/frame823.pickle,566,552,865,539
frames/frame824.pickle,563,529,847,515
frames/frame825.pickle,727,511,762,506
frames/frame826.pickle,587,512,888,503
frames/frame827.pickle,568,509,882,510
frames/frame828.pickle,669,525,768,514
frames/frame829.pickle,580,512,886,508
frames/frame830.pickle,568,534,877,515
frames/frame831.pickle,582,519,896,513
frames/frame832.pickle,651,525,817,519
frames/frame833.pickle,573,554,858,530
frames/frame834.pickle,590,508,846,504
frames/frame835.pickle,583,517,887,509
frames/frame836.pickle,574,514,879,510
frames/frame837.pickle,584,513,881,507
frames/frame838.pickle,568,557,873,533
frames/frame839.pickle,613,525,833,514
frames/frame840.pickle,563,562,862,534
frames/frame841.pickle,573,519,849,521
frames/frame842.pickle,682,523,750,522
frames/frame843.pickle,630,533,831,527
frames/frame844.pickle,632,529,844,525
frames/frame845.pickle,578,514,892,503
frames/frame846.pickle,635,509,799,499
frames/frame847.pickle,665,522,804,511
frames/frame848.pickle,579,548,848,530
frames/frame849.pickle,569,534,868,516
frames/frame850.pickle,728,505,761,500
frames/frame851.pickle,717,516,752,511
frames/frame852.pickle,585,519,893,512
frames/frame853.pickle,570,544,880,530
frames/frame854.pickle,571,554,868,533
frames/frame855.pickle,575,535,883,526
frames/frame856.pickle,652,514,789,511
frames/frame857.pickle,580,540,891,524
frames/frame858.pickle,596,542,825,526
frames/frame859.pickle,578,543,880,529
frames/frame860.pickle,577,538,891,538
frames/frame861.pickle,574,551,845,534
frames/frame862.pickle,720,513,751,509
frames/frame863.pickle,577,559,859,537
frames/frame864.pickle,681,519,761,508
frames/frame865.pickle,723,505,753,506
frames/frame866.pickle,591,517,899,512
frames/frame867.pickle,581,541,868,529
frames/frame868.pickle,584,537,886,519
frames/frame869.pickle,564,525,849,532
frames/frame870.pickle,737,500,771,497
frames/frame871.pickle,568,535,877,536
frames/frame872.pickle,606,529,838,519
frames/frame873.pickle,630,520,813,517
frames/frame874.pickle,623,515,804,505
frames/frame875.pickle,720,514,752,510
frames/frame876.pickle,582,518,884,505
frames/frame877.pickle,721,517,756,513
frames/frame878.pickle,729,510,757,507
frames/frame879.pickle,602,525,835,519
frames/frame880.pickle,702,516,729,515
frames/frame881.pickle,569,539,868,537
frames/frame882.pickle,578,537,888,510
frames/frame883.pickle,638,519,806,522
frames/frame884.pickle,580,516,880,507
frames/frame885.pickle,575,544,894,528
frames/frame886.pickle,653,524,806,515
frames/frame887.pickle,732,508,761,501
frames/frame888.pickle,582,537,886,523
frames/frame889.pickle,723,513,756,509
frames/frame890.pickle,722,507,756,500
frames/frame891.pickle,721,513,756,509
frames/frame892.pickle,731,504,766,498
frames/frame893.pickle,568,516,867,515
frames/frame894.pickle,573,542,882,525
frames/frame895.pickle,572,527,884,510
frames/frame896.pickle,580,533,882,510
frames/frame897.pickle,560,520,869,516
frames/frame898.pickle,670,532,765,525
frames/frame899.pickle,596,539,834,519
frames/frame900.pickle,572,524,886,509
trajs/buttoning_0000/0001.pickle,583,529,846,532
trajs/buttoning_0000/0002.pickle,584,531,844,531
trajs/buttoning_0000/0003.pickle,584,529,844,529
trajs/buttoning_0000/0004.pickle,584,525,846,527
trajs/buttoning_0000/0005.pickle,585,529,844,528
trajs/buttoning_0000/0006.pickle,586,526,843,529
trajs/buttoning_0000/0007.pickle,583,529,845,531
trajs/buttoning_0000/0008.pickle,586,528,846,531
trajs/buttoning_0000/0009.pickle,586,528,844,529
trajs/buttoning_0000/0010.pickle,586,525,843,529
trajs/buttoning_0000/0011.pickle,585,526,845,527
trajs/buttoning_0000/0012.pickle,586,526,842,529
trajs/buttoning_0000/0013.pickle,585,526,843,530
trajs/buttoning_0000/0014.pickle,586,529,842,529
trajs/buttoning_0000/0015.pickle,586,528,843,528
trajs/buttoning_0000/0016.pickle,586,531,842,532
trajs/buttoning_0000/0017.pickle,590,530,840,530
trajs/buttoning_0000/0018.pickle,588,528,839,531
trajs/buttoning_0000/0019.pickle,588,527,841,530
trajs/buttoning_0000/0020.pickle,588,529,837,529
trajs/buttoning_0000/0021.pickle,590,526,838,527
trajs/buttoning_0000/0022.pickle,591,527,833,528
trajs/buttoning_0000/0023.pickle,593,525,834,526
trajs/buttoning_0000/0024.pickle,592,526,830,528
trajs/buttoning_0000/0025.pickle,592,525,832,524
trajs/buttoning_0000/0026.pickle,593,525,828,525
trajs/buttoning_0000/0027.pickle,593,525,822,524
trajs/buttoning_0000/0028.pickle,594,525,825,524
trajs/buttoning_0000/0029.pickle,599,524,826,522
trajs/buttoning_0000/0030.pickle,595,521,826,524
trajs/buttoning_0000/0031.pickle,595,525,823,524
trajs/buttoning_0000/0032.pickle,598,521,824,521
trajs/buttoning_0000/0033.pickle,602,522,826,527
trajs/buttoning_0000/0034.pickle,600,517,818,522
trajs/buttoning_0000/0035.pickle,602,521,818,521
trajs/buttoning_0000/0036.pickle,605,519,810,518
trajs/buttoning_0000/0037.pickle,605,518,811,522
trajs/buttoning_0000/0038.pickle,606,523,807,523
trajs/buttoning_0000/0039.pickle,609,519,809,524
trajs/buttoning_0000/0040.pickle,614,521,802,518
trajs/buttoning_0000/0041.pickle,619,523,802,523
trajs/buttoning_0000/0042.pickle,622,519,796,520
trajs/buttoning_0000/0043.pickle,628,520,794,521
trajs/buttoning_0000/0044.pickle,628,516,793,520
trajs/buttoning_0000/0045.pickle,628,520,791,519
trajs/buttoning_0000/0046.pickle,630,519,791,520
trajs/buttoning_0000/0047.pickle,636,520,789,522
trajs/buttoning_0000/0048.pickle,634,520,786,518
trajs/buttoning_0000/0049.pickle,638,520,785,520
trajs/buttoning_0000/0050.pickle,639,517,782,517
trajs/buttoning_0000/0051.pickle,639,520,785,523
trajs/buttoning_0000/0052.pickle,639,516,783,520
trajs/buttoning_0000/0053.pickle,642,519,780,518
trajs/buttoning_0000/0054.pickle,643,518,781,518
trajs/buttoning_0000/0055.pickle,644,521,779,521
trajs/buttoning_0000/0056.pickle,647,518,778,521
trajs/buttoning_0000/0057.pickle,647,520,777,522
trajs/buttoning_0000/0058.pickle,647,517,773,517
trajs/buttoning_0000/0059.pickle,649,515,775,518
trajs/buttoning_0000/0060.pickle,652,518,775,520
trajs/buttoning_0000/0061.pickle,651,518,775,518
trajs/buttoning_0000/0062.pickle,653,519,771,519
trajs/buttoning_0000/0063.pickle,657,516,768,518
trajs/buttoning_0000/0064.pickle,660,517,770,517
trajs/buttoning_0000/0065.pickle,666,515,761,515
trajs/buttoning_0000/0066.pickle,674,516,755,519
trajs/buttoning_0000/0067.pickle,677,522,752,520
trajs/buttoning_0000/0068.pickle,689,514,741,514
trajs/buttoning_0000/0069.pickle,695,512,732,511
trajs/buttoning_0000/0070.pickle,692,515,730,514
trajs/buttoning_0000/0071.pickle,694,518,736,516
trajs/buttoning_0000/0072.pickle,696,513,735,514
trajs/buttoning_0000/0073.pickle,696,514,736,512
trajs/buttoning_0000/0074.pickle,699,513,735,512
trajs/buttoning_0000/0075.pickle,700,511,738,509
trajs/buttoning_0000/0076.pickle,700,510,737,510
trajs/buttoning_0000/0077.pickle,700,509,735,510
trajs/buttoning_0000/0078.pickle,703,509,737,508
trajs/buttoning_0000/0079.pickle,703,507,740,510
trajs/buttoning_0000/0080.pickle,703,515,742,514
trajs/buttoning_0000/0081.pickle,703,514,741,510
trajs/buttoning_0000/0082.pickle,704,513,740,512
trajs/buttoning_0000/0083.pickle,704,512,740,512
trajs/buttoning_0000/0084.pickle,704,512,742,511
trajs/buttoning_0000/0085.pickle,706,511,743,511
trajs/buttoning_0000/0086.pickle,706,508,739,507
trajs/buttoning_0000/0087.pickle,702,516,744,516
trajs/buttoning_0000/0088.pickle,703,517,745,516
trajs/buttoning_0000/0089.pickle,706,517,747,516
trajs/buttoning_0000/0090.pickle,707,514,749,514
trajs/buttoning_0000/0091.pickle,712,517,749,514
trajs/buttoning_0000/0092.pickle,711,520,747,516
trajs/buttoning_0000/0093.pickle,714,519,749,518
trajs/buttoning_0000/0094.pickle,717,517,757,518
trajs/buttoning_0000/0095.pickle,714,522,755,520
trajs/buttoning_0000/0096.pickle,718,520,759,524
trajs/buttoning_0000/0097.pickle,721,520,759,521
trajs/buttoning_0000/0098.pickle,717,518,753,518
trajs/buttoning_0000/0099.pickle,712,521,747,520
trajs/buttoning_0000/0100.pickle,719,519,746,519
trajs/buttoning_0000/0101.pickle,715,519,754,520
trajs/buttoning_0000/0102.pickle,713,519,752,519
trajs/buttoning_0000/0103.pickle,707,505,766,500
trajs/buttoning_0000/0104.pickle,719,520,751,525
trajs/buttoning_0000/0105.pickle,718,520,754,520
trajs/buttoning_0000/0106.pickle,713,514,750,515
trajs/buttoning_0000/0107.pickle,721,513,751,513
trajs/buttoning_0000/0108.pickle,714,508,750,509
trajs/buttoning_0000/0109.pickle,717,520,755,518
trajs/buttoning_0000/0110.pickle,716,520,752,519
trajs/buttoning_0000/0111.pickle,715,514,760,516
trajs/buttoning_0000/0112.pickle,720,517,763,523
trajs/buttoning_0000/0113.pickle,715,525,763,527
trajs/buttoning_0000/0114.pickle,713,523,758,519
trajs/buttoning_0000/0115.pickle,714,518,759,518
trajs/close_0000/0001.pickle,585,539,852,527
trajs/close_0000/0002.pickle,582,537,854,527
trajs/close_0000/0003.pickle,584,538,846,528
trajs/close_0000/0004.pickle,587,541,849,531
trajs/close_0000/0005.pickle,586,536,851,530
trajs/close_0000/0006.pickle,585,541,848,528
trajs/close_0000/0007.pickle,588,540,850,533
trajs/close_0000/0008.pickle,589,544,847,532
trajs/close_0000/0009.pickle,588,540,847,530
trajs/close_0000/0010.pickle,590,539,853,529
trajs/close_0000/0011.pickle,589,542,850,532
trajs/close_0000/0012.pickle,594,544,850,525
trajs/close_0000/0013.pickle,591,541,847,533
trajs/close_0000/0014.pickle,588,540,848,531
trajs/close_0000/0015.pickle,597,545,850,531
trajs/close_0000/0016.pickle,585,545,848,534
trajs/close_0000/0017.pickle,587,544,848,530
trajs/close_0000/0018.pickle,589,544,848,534
trajs/close_0000/0019.pickle,595,539,850,532
trajs/close_0000/0020.pickle,588,541,849,529
trajs/close_0000/0021.pickle,583,544,848,532
trajs/close_0000/0022.pickle,586,539,853,533
trajs/close_0000/0023.pickle,590,541,847,532
trajs/close_0000/0024.pickle,590,544,850,534
trajs/close_0000/0025.pickle,588,540,847,532
trajs/close_0000/0026.pickle,584,540,850,532
trajs/close_0000/0027.pickle,590,544,847,533
trajs/close_0000/0028.pickle,591,546,849,531
trajs/close_0000/0029.pickle,585,543,846,530
trajs/close_0000/0030.pickle,591,540,849,533
trajs/close_0000/0031.pickle,590,546,846,535
trajs/close_0000/0032.pickle,588,540,850,530
trajs/close_0000/0033.pickle,589,544,849,531
trajs/close_0000/0034.pickle,586,541,852,532
trajs/close_0000/0035.pickle,593,541,846,535
trajs/close_0000/0036.pickle,588,539,847,525
trajs/close_0000/0037.pickle,585,542,848,527
trajs/close_0000/0038.pickle,590,539,852,528
trajs/close_0000/0039.pickle,588,539,850,531
trajs/close_0000/0040.pickle,587,539,851,530
trajs/close_0000/0041.pickle,588,538,851,525
trajs/close_0000/0042.pickle,588,536,851,537
trajs/close_0000/0043.pickle,590,539,848,527
trajs/close_0000/0044.pickle,595,547,846,533
trajs/close_0000/0045.pickle,587,537,847,528
trajs/close_0000/0046.pickle,591,541,851,531
trajs/close_0000/0047.pickle,598,546,851,533
trajs/close_0000/0048.pickle,586,538,842,528
trajs/close_0000/0049.pickle,586,543,852,534
trajs/close_0000/0050.pickle,589,540,849,529
trajs/close_0000/0051.pickle,591,545,853,530
trajs/close_0000/0052.pickle,595,541,852,533
trajs/close_0000/0053.pickle,588,541,852,528
trajs/close_0000/0054.pickle,584,545,854,532
trajs/close_0000/0055.pickle,590,536,852,528
trajs/close_0000/0056.pickle,598,537,850,529
trajs/close_0000/0057.pickle,608,540,838,531
trajs/close_0000/0058.pickle,616,538,821,527
trajs/close_0000/0059.pickle,643,525,795,516
trajs/close_0000/0060.pickle,656,518,779,517
trajs/close_0000/0061.pickle,662,526,754,518
trajs/close_0000/0062.pickle,684,524,742,520
trajs/close_0000/0063.pickle,701,528,736,521
trajs/close_0000/0064.pickle,702,527,740,523
trajs/close_0000/0065.pickle,713,518,744,515
trajs/close_0000/0066.pickle,713,516,736,515
trajs/close_0000/0067.pickle,709,517,735,517
trajs/close_0000/0068.pickle,714,517,735,513
trajs/close_0000/0069.pickle,715,507,735,505
trajs/close_0000/0070.pickle,716,510,739,507
trajs/close_0000/0071.pickle,719,507,745,507
trajs/close_0000/0072.pickle,721,512,747,512
trajs/close_0000/0073.pickle,722,514,763,516
trajs/close_0000/0074.pickle,710,522,751,520
trajs/close_0000/0075.pickle,712,521,740,521
trajs/close_0000/0076.pickle,709,521,747,521
trajs/close_0000/0077.pickle,712,524,749,516
trajs/close_0000/0078.pickle,711,524,748,522
trajs/close_0000/0079.pickle,712,521,746,516
trajs/close_0000/0080.pickle,711,528,746,525
trajs/close_0000/0081.pickle,717,530,745,524
trajs/close_0000/0082.pickle,714,531,744,522
trajs/close_0000/0083.pickle,709,531,743,523
trajs/close_0000/0084.pickle,713,526,751,523
trajs/close_0000/0085.pickle,713,529,740,526
trajs/close_0000/0086.pickle,717,526,751,524
trajs/close_0000/0087.pickle,714,526,746,520
trajs/close_0000/0088.pickle,715,528,749,525
trajs/close_0000/0089.pickle,715,531,753,527
trajs/close_0000/0090.pickle,713,527,745,524
trajs/close_0000/0091.pickle,716,525,741,519
trajs/close_0000/0092.pickle,715,529,749,524
trajs/close_0000/0093.pickle,715,530,746,522
trajs/close_0000/0094.pickle,714,529,737,528
trajs/close_0000/0095.pickle,717,533,747,520
trajs/close_0000/0096.pickle,715,532,757,526
trajs/close_0000/0097.pickle,716,532,750,528
trajs/close_0000/0098.pickle,719,528,755,527
trajs/close_0000/0099.pickle,716,530,755,528
trajs/close_0000/0100.pickle,721,524,753,524
trajs/close_0000/0101.pickle,718,531,740,529
trajs/close_0000/0102.pickle,717,532,740,527
trajs/close_0000/0103.pickle,717,529,750,531
trajs/close_0000/0104.pickle,718,531,752,529
trajs/close_0000/0105.pickle,717,534,735,527
trajs/close_0000/0106.pickle,721,534,754,536
trajs/close_0000/0107.pickle,721,531,733,532
trajs/close_0000/0108.pickle,721,533,754,531
trajs/close_0000/0109.pickle,721,530,750,531
trajs/close_0000/0110.pickle,719,536,752,534
trajs/close_0000/0111.pickle,714,538,752,532
trajs/close_0000/0112.pickle,720,537,749,532
trajs/close_0000/0113.pickle,719,535,754,535
trajs/close_0000/0114.pickle,720,535,739,533
trajs/close_0000/0115.pickle,721,538,749,537
trajs/close_0000/0116.pickle,719,532,750,534
trajs/close_0000/0117.pickle,722,534,754,532
trajs/close_0000/0118.pickle,720,545,747,545
trajs/close_0000/0119.pickle,720,546,749,537
trajs/close_0000/0120.pickle,716,543,746,543
trajs/close_0000/0121.pickle,714,545,749,541
trajs/close_0000/0122.pickle,714,536,749,536
trajs/close_0000/0123.pickle,717,548,752,545
trajs/close_0000/0124.pickle,714,544,742,541
trajs/close_0000/0125.pickle,711,538,744,538
trajs/close_0000/0126.pickle,712,536,743,536
trajs/close_0000/0127.pickle,717,535,747,534
trajs/close_0000/0128.pickle,715,542,751,538
trajs/close_0000/0129.pickle,717,545,746,533
trajs/close_0000/0130.pickle,714,541,739,540
trajs/close_0000/0131.pickle,710,546,740,539
trajs/close_0000/0132.pickle,710,537,739,534
trajs/close_0000/0133.pickle,712,532,742,532
trajs/close_0000/0134.pickle,715,542,742,537
trajs/close_0000/0135.pickle,715,535,740,535
trajs/close_0000/0136.pickle,716,543,752,539
trajs/close_0000/0137.pickle,716,536,747,533
trajs/close_0000/0138.pickle,715,537,749,535
trajs/close_0000/0139.pickle,721,537,741,537
trajs/close_0000/0140.pickle,718,539,741,538
trajs/close_0000/0141.pickle,715,536,741,535
trajs/close_0000/0142.pickle,710,539,736,539
trajs/close_0000/0143.pickle,708,539,739,538
trajs/close_0000/0144.pickle,717,538,741,538
trajs/close_0000/0145.pickle,713,535,748,536
trajs/close_0000/0146.pickle,710,538,744,534
trajs/close_0000/0147.pickle,711,544,736,540
trajs/close_0000/0148.pickle,706,539,738,540
trajs/close_0000/0149.pickle,710,539,731,537
trajs/close_0000/0150.pickle,702,538,741,539
trajs/close_0000/0151.pickle,709,539,740,536
trajs/close_0000/0152.pickle,711,537,746,534
trajs/close_0000/0153.pickle,709,538,750,537
trajs/close_0000/0154.pickle,704,536,751,533
trajs/close_0000/0155.pickle,702,529,740,529
trajs/close_0000/0156.pickle,697,536,780,537
trajs/close_0000/0157.pickle,685,533,787,534
trajs/close_0000/0158.pickle,679,534,792,532
trajs/close_0000/0159.pickle,654,530,798,528
trajs/close_0000/0160.pickle,651,536,812,537
trajs/close_0000/0161.pickle,638,542,829,536
trajs/close_0000/0162.pickle,632,536,831,529
trajs/close_0000/0163.pickle,624,547,828,540
trajs/close_0000/0164.pickle,624,540,830,534
trajs/close_0000/0165.pickle,609,543,831,529
trajs/close_0000/0166.pickle,610,544,830,527
trajs/open_0000/0001.pickle,563,540,873,538
trajs/open_0000/0002.pickle,565,541,871,532
trajs/open_0000/0003.pickle,570,542,871,528
trajs/open_0000/0004.pickle,568,535,867,533
trajs/open_0000/0005.pickle,560,534,882,532
trajs/open_0000/0006.pickle,564,539,873,534
trajs/open_0000/0007.pickle,566,536,871,532
trajs/open_0000/0008.pickle,559,537,874,534
trajs/open_0000/0009.pickle,568,541,875,534
trajs/open_0000/0010.pickle,564,532,869,531
trajs/open_0000/0011.pickle,561,532,873,529
trajs/open_0000/0012.pickle,564,536,870,530
trajs/open_0000/0013.pickle,565,532,869,528
trajs/open_0000/0014.pickle,562,536,865,533
trajs/open_0000/0015.pickle,565,534,873,528
trajs/open_0000/0016.pickle,565,539,872,530
trajs/open_0000/0017.pickle,560,532,872,528
trajs/open_0000/0018.pickle,559,537,871,533
trajs/open_0000/0019.pickle,558,538,877,532
trajs/open_0000/0020.pickle,562,535,872,527
trajs/open_0000/0021.pickle,563,536,873,535
trajs/open_0000/0022.pickle,556,533,876,527
trajs/open_0000/0023.pickle,564,532,867,528
trajs/open_0000/0024.pickle,564,536,868,531
trajs/open_0000/0025.pickle,564,538,872,529
trajs/open_0000/0026.pickle,565,537,868,530
trajs/open_0000/0027.pickle,565,531,874,530
trajs/open_0000/0028.pickle,566,533,871,532
trajs/open_0000/0029.pickle,559,535,869,529
trajs/open_0000/0030.pickle,565,533,871,530
trajs/open_0000/0031.pickle,566,534,872,528
trajs/open_0000/0032.pickle,564,534,871,528
trajs/open_0000/0033.pickle,565,537,873,531
trajs/open_0000/0034.pickle,562,534,874,524
trajs/open_0000/0035.pickle,560,537,875,527
trajs/open_0000/0036.pickle,558,528,875,522
trajs/open_0000/0037.pickle,564,527,871,532
trajs/open_0000/0038.pickle,568,538,871,528
trajs/open_0000/0039.pickle,564,537,882,529
trajs/open_0000/0040.pickle,568,539,872,531
trajs/open_0000/0041.pickle,566,538,877,530
trajs/open_0000/0042.pickle,569,540,874,533
trajs/open_0000/0043.pickle,566,538,876,532
trajs/open_0000/0044.pickle,563,541,872,536
trajs/open_0000/0045.pickle,565,536,869,529
trajs/open_0000/0046.pickle,566,537,862,526
trajs/open_0000/0047.pickle,568,537,876,531
trajs/open_0000/0048.pickle,563,538,861,528
trajs/open_0000/0049.pickle,572,536,862,532
trajs/open_0000/0050.pickle,572,543,861,531
trajs/open_0000/0051.pickle,574,532,861,525
trajs/open_0000/0052.pickle,579,535,851,535
trajs/open_0000/0053.pickle,580,532,852,522
trajs/open_0000/0054.pickle,585,533,844,522
trajs/open_0000/0055.pickle,592,533,854,530
trajs/open_0000/0056.pickle,580,537,848,526
trajs/open_0000/0057.pickle,592,531,837,527
trajs/open_0000/0058.pickle,592,527,834,526
trajs/open_0000/0059.pickle,603,536,833,537
trajs/open_0000/0060.pickle,601,525,824,524
trajs/open_0000/0061.pickle,603,532,832,526
trajs/open_0000/0062.pickle,614,532,816,523
trajs/open_0000/0063.pickle,615,531,811,522
trajs/open_0000/0064.pickle,616,524,806,522
trajs/open_0000/0065.pickle,621,530,814,522
trajs/open_0000/0066.pickle,618,534,801,528
trajs/open_0000/0067.pickle,623,527,804,523
trajs/open_0000/0068.pickle,623,527,804,528
trajs/open_0000/0069.pickle,625,528,801,518
trajs/open_0000/0070.pickle,628,523,802,524
trajs/open_0000/0071.pickle,629,524,795,516
trajs/open_0000/0072.pickle,627,525,799,520
trajs/open_0000/0073.pickle,631,523,794,520
trajs/open_0000/0074.pickle,636,524,796,521
trajs/open_0000/0075.pickle,636,524,796,516
trajs/open_0000/0076.pickle,632,521,797,525
trajs/open_0000/0077.pickle,639,523,785,516
trajs/open_0000/0078.pickle,641,527,784,522
trajs/open_0000/0079.pickle,641,526,784,514
trajs/open_0000/0080.pickle,639,513,786,514
trajs/open_0000/0081.pickle,639,521,779,516
trajs/open_0000/0082.pickle,640,519,789,516
trajs/open_0000/0083.pickle,644,514,787,511
trajs/open_0000/0084.pickle,639,524,782,514
trajs/open_0000/0085.pickle,642,522,788,519
trajs/open_0000/0086.pickle,640,524,791,516
trajs/open_0000/0087.pickle,642,520,787,516
trajs/open_0000/0088.pickle,644,511,780,509
trajs/open_0000/0089.pickle,639,518,785,512
trajs/open_0000/0090.pickle,641,517,785,512
trajs/open_0000/0091.pickle,645,522,788,513
trajs/open_0000/0092.pickle,643,516,785,510
trajs/open_0000/0093.pickle,637,521,789,506
trajs/open_0000/0094.pickle,645,522,783,504
trajs/open_0000/0095.pickle,639,514,778,507
trajs/open_0000/0096.pickle,645,518,787,511
trajs/open_0000/0097.pickle,652,520,784,513
trajs/open_0000/0098.pickle,640,517,784,511
trajs/open_0000/0099.pickle,638,519,786,510
trajs/open_0000/0100.pickle,643,518,786,509
trajs/open_0000/0101.pickle,642,515,791,509
trajs/open_0000/0102.pickle,637,521,782,511
trajs/open_0000/0103.pickle,643,520,780,509
trajs/open_0000/0104.pickle,643,514,787,507
trajs/open_0000/0105.pickle,643,523,782,508
trajs/open_0000/0106.pickle,639,515,787,514
trajs/open_0000/0107.pickle,641,520,788,511
trajs/open_0000/0108.pickle,639,524,786,517
trajs/open_0000/0109.pickle,646,518,781,511
trajs/open_0000/0110.pickle,644,521,783,510
trajs/open_0000/0111.pickle,638,522,784,512
trajs/open_0000/0112.pickle,642,518,778,508
trajs/open_0000/0113.pickle,647,521,787,506
trajs/open_0000/0114.pickle,643,514,781,513
trajs/open_0000/0115.pickle,639,520,789,509
trajs/open_0000/0116.pickle,637,514,783,513
trajs/open_0000/0117.pickle,645,521,781,510
trajs/open_0000/0118.pickle,639,517,785,513
trajs/open_0000/0119.pickle,638,520,784,508
trajs/open_0000/0120.pickle,644,524,778,509
trajs/open_0000/0121.pickle,646,517,780,511
trajs/open_0000/0122.pickle,642,521,784,511
trajs/open_0000/0123.pickle,642,521,781,515
trajs/open_0000/0124.pickle,639,524,783,504
trajs/open_0000/0125.pickle,646,520,779,508
trajs/open_0000/0126.pickle,644,523,777,505
trajs/open_0000/0127.pickle,640,522,782,509
trajs/open_0000/0128.pickle,641,522,787,512
trajs/open_0000/0129.pickle,635,520,786,512
trajs/open_0000/0130.pickle,639,520,784,514
trajs/open_0000/0131.pickle,636,517,790,510
trajs/open_0000/0132.pickle,641,520,784,512
trajs/open_0000/0133.pickle,643,521,785,512
trajs/open_0000/0134.pickle,643,522,781,516
trajs/open_0000/0135.pickle,643,525,782,505
trajs/open_0000/0136.pickle,641,521,788,518
trajs/pouring_0000/0001.pickle,574,504,863,509
trajs/pouring_0000/0002.pickle,575,504,860,509
trajs/pouring_0000/0003.pickle,580,508,862,512
trajs/pouring_0000/0004.pickle,572,510,866,513
trajs/pouring_0000/0005.pickle,578,506,858,513
trajs/pouring_0000/0006.pickle,581,504,860,507
trajs/pouring_0000/0007.pickle,581,506,860,514
trajs/pouring_0000/0008.pickle,577,508,862,511
trajs/pouring_0000/0009.pickle,577,511,865,510
trajs/pouring_0000/0010.pickle,582,512,862,514
trajs/pouring_0000/0011.pickle,583,515,856,521
trajs/pouring_0000/0012.pickle,580,514,866,514
trajs/pouring_0000/0013.pickle,582,512,869,518
trajs/pouring_0000/0014.pickle,579,510,870,515
trajs/pouring_0000/0015.pickle,568,507,869,520
trajs/pouring_0000/0016.pickle,580,513,868,518
trajs/pouring_0000/0017.pickle,574,513,865,517
trajs/pouring_0000/0018.pickle,571,506,869,514
trajs/pouring_0000/0019.pickle,574,506,872,519
trajs/pouring_0000/0020.pickle,576,510,871,521
trajs/pouring_0000/0021.pickle,579,509,874,515
trajs/pouring_0000/0022.pickle,578,510,871,515
trajs/pouring_0000/0023.pickle,576,508,871,514
trajs/pouring_0000/0024.pickle,582,508,873,517
trajs/pouring_0000/0025.pickle,568,518,875,513
trajs/pouring_0000/0026.pickle,566,509,874,518
trajs/pouring_0000/0027.pickle,567,510,874,518
trajs/pouring_0000/0028.pickle,564,508,868,522
trajs/pouring_0000/0029.pickle,574,505,865,517
trajs/pouring_0000/0030.pickle,574,511,871,516
trajs/pouring_0000/0031.pickle,568,508,871,515
trajs/pouring_0000/0032.pickle,567,508,873,517
trajs/pouring_0000/0033.pickle,566,509,868,516
trajs/pouring_0000/0034.pickle,568,507,869,516
trajs/pouring_0000/0035.pickle,571,508,870,513
trajs/pouring_0000/0036.pickle,570,507,870,517
trajs/pouring_0000/0037.pickle,566,508,868,514
trajs/pouring_0000/0038.pickle,565,507,871,516
trajs/pouring_0000/0039.pickle,569,507,868,516
trajs/pouring_0000/0040.pickle,565,505,866,517
trajs/pouring_0000/0041.pickle,571,506,869,517
trajs/pouring_0000/0042.pickle,568,504,868,512
trajs/pouring_0000/0043.pickle,568,507,865,514
trajs/pouring_0000/0044.pickle,565,509,869,516
trajs/pouring_0000/0045.pickle,573,509,873,514
trajs/pouring_0000/0046.pickle,563,508,865,516
trajs/pouring_0000/0047.pickle,570,503,869,512
trajs/pouring_0000/0048.pickle,568,507,868,517
trajs/pouring_0000/0049.pickle,566,506,868,514
trajs/pouring_0000/0050.pickle,570,505,870,512
trajs/pouring_0000/0051.pickle,568,505,866,514
trajs/pouring_0000/0052.pickle,572,503,867,516
trajs/pouring_0000/0053.pickle,576,503,862,513
trajs/pouring_0000/0054.pickle,582,505,855,510
trajs/pouring_0000/0055.pickle,588,505,846,511
trajs/pouring_0000/0056.pickle,598,507,839,512
trajs/pouring_0000/0057.pickle,609,500,833,508
trajs/pouring_0000/0058.pickle,620,503,803,502
trajs/pouring_0000/0059.pickle,619,500,794,502
trajs/pouring_0000/0060.pickle,625,496,787,497
trajs/pouring_0000/0061.pickle,626,492,797,495
trajs/pouring_0000/0062.pickle,629,500,788,501
trajs/pouring_0000/0063.pickle,633,503,779,500
trajs/pouring_0000/0064.pickle,629,502,766,495
trajs/pouring_0000/0065.pickle,631,505,779,499
trajs/pouring_0000/0066.pickle,633,507,790,499
trajs/pouring_0000/0067.pickle,631,506,780,496
trajs/pouring_0000/0068.pickle,633,511,781,501
trajs/pouring_0000/0069.pickle,632,509,777,499
trajs/pouring_0000/0070.pickle,636,507,777,502
trajs/pouring_0000/0071.pickle,632,508,770,498
trajs/pouring_0000/0072.pickle,633,513,764,498
trajs/pouring_0000/0073.pickle,631,510,785,503
trajs/pouring_0000/0074.pickle,635,507,774,499
trajs/pouring_0000/0075.pickle,631,508,775,498
trajs/pouring_0000/0076.pickle,632,509,783,496
trajs/pouring_0000/0077.pickle,632,509,768,491
trajs/pouring_0000/0078.pickle,635,507,774,491
trajs/pouring_0000/0079.pickle,634,511,772,487
trajs/pouring_0000/0080.pickle,634,506,754,484
trajs/pouring_0000/0081.pickle,632,512,759,489
trajs/pouring_0000/0082.pickle,634,515,757,490
trajs/pouring_0000/0083.pickle,630,513,759,493
trajs/pouring_0000/0084.pickle,632,514,780,494
trajs/pouring_0000/0085.pickle,633,515,772,496
trajs/pouring_0000/0086.pickle,632,510,771,490
trajs/pouring_0000/0087.pickle,631,515,772,496
trajs/pouring_0000/0088.pickle,628,513,764,494
trajs/pouring_0000/0089.pickle,629,512,755,487
trajs/pouring_0000/0090.pickle,631,517,758,494
trajs/pouring_0000/0091.pickle,633,510,765,500
trajs/pouring_0000/0092.pickle,631,511,757,498
trajs/pouring_0000/0093.pickle,628,512,752,497
trajs/pouring_0000/0094.pickle,634,517,761,499
trajs/pouring_0000/0095.pickle,636,516,768,506
trajs/pouring_0000/0096.pickle,629,515,753,501
trajs/pouring_0000/0097.pickle,632,519,765,502
trajs/pouring_0000/0098.pickle,632,516,763,498
trajs/pouring_0000/0099.pickle,628,518,795,509
trajs/pouring_0000/0100.pickle,633,514,779,505
trajs/pouring_0000/0101.pickle,631,520,773,505
trajs/pouring_0000/0102.pickle,632,519,773,506
trajs/pouring_0000/0103.pickle,631,524,772,499
trajs/pouring_0000/0104.pickle,630,519,767,502
trajs/pouring_0000/0105.pickle,631,524,763,501
trajs/pouring_0000/0106.pickle,630,528,765,503
trajs/pouring_0000/0107.pickle,629,523,761,505
trajs/pouring_0000/0108.pickle,631,519,753,498
trajs/pouring_0000/0109.pickle,628,523,759,497
trajs/pouring_0000/0110.pickle,629,522,767,502
trajs/pouring_0000/0111.pickle,634,519,768,508
trajs/pouring_0000/0112.pickle,628,522,766,505
trajs/pouring_0000/0113.pickle,627,523,773,507
trajs/pouring_0000/0114.pickle,633,519,765,511
trajs/pouring_0000/0115.pickle,627,522,763,503
trajs/pouring_0000/0116.pickle,628,521,776,504
trajs/pouring_0000/0117.pickle,631,521,767,506
trajs/pouring_0000/0118.pickle,631,519,769,507
trajs/pouring_0000/0119.pickle,634,517,765,508
trajs/pouring_0000/0120.pickle,631,519,769,498
trajs/pouring_0000/0121.pickle,634,516,750,502
trajs/pouring_0000/0122.pickle,632,514,756,495
trajs/pouring_0000/0123.pickle,636,516,757,502
trajs/pouring_0000/0124.pickle,633,522,757,498
trajs/pouring_0000/0125.pickle,630,518,767,508
trajs/pouring_0000/0126.pickle,632,514,765,501
trajs/pouring_0000/0127.pickle,629,517,748,504
trajs/pouring_0000/0128.pickle,631,516,749,506
trajs/pouring_0000/0129.pickle,631,518,738,501
trajs/pouring_0000/0130.pickle,633,516,761,507
trajs/pouring_0000/0131.pickle,627,519,762,513
trajs/pouring_0000/0132.pickle,630,522,764,510
trajs/pouring_0000/0133.pickle,630,518,752,502
trajs/pouring_0000/0134.pickle,630,519,762,501
trajs/pouring_0000/0135.pickle,626,519,760,501
trajs/pouring_0000/0136.pickle,633,518,755,501
trajs/pouring_0000/0137.pickle,631,520,760,500
trajs/pouring_0000/0138.pickle,629,522,760,507
trajs/pouring_0000/0139.pickle,626,524,749,509
trajs/pouring_0000/0140.pickle,627,524,750,510
trajs/pouring_0000/0141.pickle,628,524,761,506
trajs/pouring_0000/0142.pickle,628,528,758,513
trajs/pouring_0000/0143.pickle,631,517,755,510
trajs/pouring_0000/0144.pickle,630,519,770,508
trajs/pouring_0000/0145.pickle,625,521,764,503
trajs/pouring_0000/0146.pickle,627,523,771,512
trajs/pouring_0000/0147.pickle,632,521,768,505
trajs/pouring_0000/0148.pickle,631,524,767,514
trajs/pouring_0000/0149.pickle,626,522,772,513
trajs/pouring_0000/0150.pickle,634,523,763,511
trajs/pouring_0000/0151.pickle,630,526,757,508
trajs/pouring_0000/0152.pickle,632,522,770,506
trajs/pouring_0000/0153.pickle,630,519,758,506
trajs/pouring_0000/0154.pickle,632,521,757,509
trajs/pouring_0000/0155.pickle,627,526,757,509
trajs/pouring_0000/0156.pickle,632,518,772,512
trajs/pouring_0000/0157.pickle,629,519,774,506
trajs/pouring_0000/0158.pickle,630,521,790,513
trajs/pouring_0000/0159.pickle,627,519,790,513
trajs/pouring_0000/0160.pickle,630,521,783,508
trajs/pouring_0000/0161.pickle,627,523,787,516
trajs/pouring_0000/0162.pickle,633,517,780,515
trajs/pouring_0000/0163.pickle,628,525,782,517
trajs/push_0000/0001.pickle,577,540,890,525
trajs/push_0000/0002.pickle,579,538,884,527
trajs/push_0000/0003.pickle,579,537,887,524
trajs/push_0000/0004.pickle,576,534,886,523
trajs/push_0000/0005.pickle,573,535,884,526
trajs/push_0000/0006.pickle,578,538,886,529
trajs/push_0000/0007.pickle,578,540,884,527
trajs/push_0000/0008.pickle,579,536,885,527
trajs/push_0000/0009.pickle,580,536,882,525
trajs/push_0000/0010.pickle,576,535,888,526
trajs/push_0000/0011.pickle,578,535,885,523
trajs/push_0000/0012.pickle,574,537,884,523
trajs/push_0000/0013.pickle,583,535,886,527
trajs/push_0000/0014.pickle,583,536,886,524
trajs/push_0000/0015.pickle,580,541,885,529
trajs/push_0000/0016.pickle,583,542,884,529
trajs/push_0000/0017.pickle,584,540,881,526
trajs/push_0000/0018.pickle,582,535,888,525
trajs/push_0000/0019.pickle,582,538,883,527
trajs/push_0000/0020.pickle,581,537,884,525
trajs/push_0000/0021.pickle,580,539,891,529
trajs/push_0000/0022.pickle,585,539,881,529
trajs/push_0000/0023.pickle,583,539,881,532
trajs/push_0000/0024.pickle,583,541,881,529
trajs/push_0000/0025.pickle,589,538,889,529
trajs/push_0000/0026.pickle,581,538,890,528
trajs/push_0000/0027.pickle,580,537,879,524
trajs/push_0000/0028.pickle,583,541,885,529
trajs/push_0000/0029.pickle,582,539,882,532
trajs/push_0000/0030.pickle,578,539,884,529
trajs/push_0000/0031.pickle,584,544,882,526
trajs/push_0000/0032.pickle,587,538,885,527
trajs/push_0000/0033.pickle,584,536,886,527
trajs/push_0000/0034.pickle,581,535,877,524
trajs/push_0000/0035.pickle,584,536,890,529
trajs/push_0000/0036.pickle,584,533,886,525
trajs/push_0000/0037.pickle,585,534,877,530
trajs/push_0000/0038.pickle,578,533,882,524
trajs/push_0000/0039.pickle,586,539,883,528
trajs/push_0000/0040.pickle,579,536,885,524
trajs/push_0000/0041.pickle,584,538,881,529
trajs/push_0000/0042.pickle,581,537,880,527
trajs/push_0000/0043.pickle,585,536,884,524
trajs/push_0000/0044.pickle,581,536,883,524
trajs/push_0000/0045.pickle,583,529,887,523
trajs/push_0000/0046.pickle,583,537,883,526
trajs/push_0000/0047.pickle,582,535,887,523
trajs/push_0000/0048.pickle,583,537,885,527
trajs/push_0000/0049.pickle,579,534,885,524
trajs/push_0000/0050.pickle,580,532,885,523
trajs/push_0000/0051.pickle,583,535,885,526
trajs/push_0000/0052.pickle,579,535,881,527
trajs/push_0000/0053.pickle,579,537,886,526
trajs/push_0000/0054.pickle,584,532,883,525
trajs/push_0000/0055.pickle,576,535,884,521
trajs/push_0000/0056.pickle,582,537,887,525
trajs/push_0000/0057.pickle,578,535,885,528
trajs/push_0000/0058.pickle,581,534,886,523
trajs/push_0000/0059.pickle,580,533,885,526
trajs/push_0000/0060.pickle,583,535,884,525
trajs/push_0000/0061.pickle,582,530,886,521
trajs/push_0000/0062.pickle,582,533,883,522
trajs/push_0000/0063.pickle,580,536,884,525
trajs/push_0000/0064.pickle,581,537,884,524
trajs/push_0000/0065.pickle,581,535,883,528
trajs/push_0000/0066.pickle,583,534,882,523
trajs/push_0000/0067.pickle,580,538,880,523
trajs/push_0000/0068.pickle,584,539,879,524
trajs/push_0000/0069.pickle,578,538,882,531
trajs/push_0000/0070.pickle,582,534,881,526
trajs/push_0000/0071.pickle,584,540,879,525
trajs/push_0000/0072.pickle,581,536,881,525
trajs/push_0000/0073.pickle,579,537,882,528
trajs/push_0000/0074.pickle,579,536,877,526
trajs/push_0000/0075.pickle,582,538,878,522
trajs/push_0000/0076.pickle,579,537,872,523
trajs/push_0000/0077.pickle,575,536,876,525
trajs/push_0000/0078.pickle,578,538,874,529
trajs/push_0000/0079.pickle,576,539,874,527
trajs/push_0000/0080.pickle,577,544,875,524
trajs/push_0000/0081.pickle,572,542,873,527
trajs/push_0000/0082.pickle,571,538,873,523
trajs/push_0000/0083.pickle,574,534,873,523
trajs/push_0000/0084.pickle,577,539,871,523
trajs/push_0000/0085.pickle,571,538,873,518
trajs/push_0000/0086.pickle,573,535,872,520
trajs/push_0000/0087.pickle,570,541,871,526
trajs/push_0000/0088.pickle,574,542,872,522
trajs/push_0000/0089.pickle,571,539,871,524
trajs/push_0000/0090.pickle,572,541,871,526
trajs/push_0000/0091.pickle,574,539,873,522
trajs/push_0000/0092.pickle,568,539,869,523
trajs/push_0000/0093.pickle,571,537,871,526
trajs/push_0000/0094.pickle,567,536,873,525
trajs/push_0000/0095.pickle,572,543,872,525
trajs/push_0000/0096.pickle,572,539,868,523
trajs/push_0000/0097.pickle,571,536,869,524
trajs/push_0000/0098.pickle,572,534,869,523
trajs/push_0000/0099.pickle,571,538,872,522
trajs/push_0000/0100.pickle,574,539,871,525
trajs/push_0000/0101.pickle,571,539,874,521
trajs/push_0000/0102.pickle,572,534,872,521
trajs/push_0000/0103.pickle,568,541,871,524
trajs/push_0000/0104.pickle,568,539,873,524
trajs/push_0000/0105.pickle,571,539,875,522
trajs/push_0000/0106.pickle,566,540,871,526
trajs/push_0000/0107.pickle,570,541,875,529
trajs/push_0000/0108.pickle,568,538,874,524
trajs/push_0000/0109.pickle,566,542,876,525
trajs/push_0000/0110.pickle,567,539,875,525
trajs/push_0000/0111.pickle,563,541,875,526
trajs/push_0000/0112.pickle,569,540,874,528
trajs/push_0000/0113.pickle,576,539,877,527
trajs/push_0000/0114.pickle,571,537,869,526
trajs/scooping_0000/0001.pickle,731,512,749,508
trajs/scooping_0000/0002.pickle,733,509,755,509
trajs/scooping_0000/0003.pickle,733,507,750,507
trajs/scooping_0000/0004.pickle,733,509,754,509
trajs/scooping_0000/0005.pickle,733,505,752,505
trajs/scooping_0000/0006.pickle,734,511,748,514
trajs/scooping_0000/0007.pickle,736,508,755,505
trajs/scooping_0000/0008.pickle,730,507,752,505
trajs/scooping_0000/0009.pickle,733,508,750,505
trajs/scooping_0000/0010.pickle,732,509,751,506
trajs/scooping_0000/0011.pickle,737,509,752,508
trajs/scooping_0000/0012.pickle,730,509,754,507
trajs/scooping_0000/0013.pickle,732,510,755,508
trajs/scooping_0000/0014.pickle,735,506,752,504
trajs/scooping_0000/0015.pickle,735,508,755,504
trajs/scooping_0000/0016.pickle,734,507,751,505
trajs/scooping_0000/0017.pickle,736,508,752,504
trajs/scooping_0000/0018.pickle,735,508,751,506
trajs/scooping_0000/0019.pickle,735,507,755,504
trajs/scooping_0000/0020.pickle,734,506,750,504
trajs/scooping_0000/0021.pickle,732,506,750,504
trajs/scooping_0000/0022.pickle,735,511,752,510
trajs/scooping_0000/0023.pickle,731,507,750,505
trajs/scooping_0000/0024.pickle,732,508,753,507
trajs/scooping_0000/0025.pickle,733,511,753,514
trajs/scooping_0000/0026.pickle,731,507,748,506
trajs/scooping_0000/0027.pickle,731,510,751,509
trajs/scooping_0000/0028.pickle,731,512,757,511
trajs/scooping_0000/0029.pickle,737,507,754,506
trajs/scooping_0000/0030.pickle,732,513,759,512
trajs/scooping_0000/0031.pickle,738,511,761,509
trajs/scooping_0000/0032.pickle,731,509,752,506
trajs/scooping_0000/0033.pickle,731,505,753,503
trajs/scooping_0000/0034.pickle,730,501,754,496
trajs/scooping_0000/0035.pickle,731,512,754,505
trajs/scooping_0000/0036.pickle,730,506,751,505
trajs/scooping_0000/0037.pickle,732,506,755,506
trajs/scooping_0000/0038.pickle,731,507,752,502
trajs/scooping_0000/0039.pickle,728,507,745,503
trajs/scooping_0000/0040.pickle,728,505,743,503
trajs/scooping_0000/0041.pickle,730,501,755,501
trajs/scooping_0000/0042.pickle,730,506,745,504
trajs/scooping_0000/0043.pickle,730,504,751,503
trajs/scooping_0000/0044.pickle,729,502,751,502
trajs/scooping_0000/0045.pickle,729,504,752,504
trajs/scooping_0000/0046.pickle,727,511,749,507
trajs/scooping_0000/0047.pickle,733,503,749,503
trajs/scooping_0000/0048.pickle,728,505,748,505
trajs/scooping_0000/0049.pickle,729,506,752,506
trajs/scooping_0000/0050.pickle,730,503,750,503
trajs/scooping_0000/0051.pickle,731,504,747,503
trajs/scooping_0000/0052.pickle,726,507,754,505
trajs/scooping_0000/0053.pickle,728,509,753,504
trajs/scooping_0000/0054.pickle,726,510,745,505
trajs/scooping_0000/0055.pickle,729,506,746,504
trajs/scooping_0000/0056.pickle,726,506,750,503
trajs/scooping_0000/0057.pickle,724,508,745,506
trajs/scooping_0000/0058.pickle,725,505,750,504
trajs/scooping_0000/0059.pickle,727,505,743,505
trajs/scooping_0000/0060.pickle,724,509,748,508
trajs/scooping_0000/0061.pickle,725,506,748,504
trajs/scooping_0000/0062.pickle,729,511,750,505
trajs/scooping_0000/0063.pickle,727,508,752,506
trajs/scooping_0000/0064.pickle,726,503,747,504
trajs/scooping_0000/0065.pickle,727,504,747,503
trajs/scooping_0000/0066.pickle,726,504,748,504
trajs/scooping_0000/0067.pickle,728,507,745,505
trajs/scooping_0000/0068.pickle,725,509,749,505
trajs/scooping_0000/0069.pickle,726,507,745,506
trajs/scooping_0000/0070.pickle,723,506,748,505
trajs/scooping_0000/0071.pickle,723,507,747,504
trajs/scooping_0000/0072.pickle,724,511,748,507
trajs/scooping_0000/0073.pickle,725,507,745,507
trajs/scooping_0000/0074.pickle,721,510,749,511
trajs/scooping_0000/0075.pickle,721,512,751,511
trajs/scooping_0000/0076.pickle,723,509,743,508
trajs/scooping_0000/0077.pickle,723,511,750,510
trajs/scooping_0000/0078.pickle,721,511,744,510
trajs/scooping_0000/0079.pickle,721,510,749,507
trajs/scooping_0000/0080.pickle,720,512,747,509
trajs/scooping_0000/0081.pickle,721,509,749,506
trajs/scooping_0000/0082.pickle,724,509,748,508
trajs/scooping_0000/0083.pickle,724,510,746,505
trajs/scooping_0000/0084.pickle,721,510,747,506
trajs/scooping_0000/0085.pickle,720,515,746,510
trajs/scooping_0000/0086.pickle,722,514,750,511
trajs/scooping_0000/0087.pickle,722,513,751,509
trajs/scooping_0000/0088.pickle,721,511,750,510
trajs/scooping_0000/0089.pickle,725,514,746,510
trajs/scooping_0000/0090.pickle,722,515,748,508
trajs/scooping_0000/0091.pickle,724,512,745,510
trajs/scooping_0000/0092.pickle,721,513,751,510
trajs/scooping_0000/0093.pickle,725,512,747,506
trajs/scooping_0000/0094.pickle,725,512,754,510
trajs/scooping_0000/0095.pickle,722,514,747,511
trajs/scooping_0000/0096.pickle,724,513,753,513
trajs/scooping_0000/0097.pickle,726,516,756,511
trajs/scooping_0000/0098.pickle,726,510,747,504
trajs/scooping_0000/0099.pickle,730,504,746,504
trajs/scooping_0000/0100.pickle,730,510,756,507
trajs/scooping_0000/0101.pickle,732,509,750,506
trajs/scooping_0000/0102.pickle,728,507,757,507
trajs/scooping_0000/0103.pickle,733,507,755,507
trajs/scooping_0000/0104.pickle,734,504,757,503
trajs/scooping_0000/0105.pickle,732,507,753,504
trajs/scooping_0000/0106.pickle,730,506,751,504
trajs/scooping_0000/0107.pickle,734,507,751,504
trajs/scooping_0000/0108.pickle,732,506,752,506
trajs/scooping_0000/0109.pickle,732,508,756,506
trajs/scooping_0000/0110.pickle,729,508,753,508
trajs/scooping_0000/0111.pickle,733,506,753,503
trajs/scooping_0000/0112.pickle,732,506,757,506
trajs/scooping_0000/0113.pickle,733,509,756,505
trajs/scooping_0000/0114.pickle,732,508,759,503
trajs/scooping_0000/0115.pickle,731,501,754,501
trajs/scooping_0000/0116.pickle,729,507,753,509
trajs/scooping_0000/0117.pickle,731,511,753,507
trajs/scooping_0000/0118.pickle,731,509,759,506
trajs/scooping_0000/0119.pickle,729,506,758,505
trajs/scooping_0000/0120.pickle,729,508,756,506
trajs/scooping_0000/0121.pickle,727,509,757,507
trajs/scooping_0000/0122.pickle,729,509,755,509
trajs/scooping_0000/0123.pickle,729,508,762,507
trajs/scooping_0000/0124.pickle,727,508,760,508
trajs/scooping_0000/0125.pickle,733,511,750,507
trajs/scooping_0000/0126.pickle,731,510,753,508
trajs/scooping_0000/0127.pickle,731,507,750,508
trajs/scooping_0000/0128.pickle,730,511,750,508
trajs/scooping_0000/0129.pickle,731,510,753,510
trajs/scooping_0000/0130.pickle,732,510,753,504
trajs/scooping_0000/0131.pickle,733,511,754,510
trajs/scooping_0000/0132.pickle,733,509,753,509
trajs/scooping_0000/0133.pickle,731,509,757,508
trajs/scooping_0000/0134.pickle,731,511,751,509
trajs/scooping_0000/0135.pickle,732,512,752,509
trajs/scooping_0000/0136.pickle,727,507,753,505
trajs/scooping_0000/0137.pickle,729,510,754,507
trajs/scooping_0000/0138.pickle,731,507,753,507
trajs/scooping_0000/0139.pickle,731,508,746,507
trajs/stack_0000/0001.pickle,582,533,879,521
trajs/stack_0000/0002.pickle,581,529,879,521
trajs/stack_0000/0003.pickle,580,530,881,523
trajs/stack_0000/0004.pickle,584,533,884,521
trajs/stack_0000/0005.pickle,587,531,875,522
trajs/stack_0000/0006.pickle,581,529,876,518
trajs/stack_0000/0007.pickle,582,531,880,522
trajs/stack_0000/0008.pickle,590,535,880,519
trajs/stack_0000/0009.pickle,579,531,882,521
trajs/stack_0000/0010.pickle,582,536,881,522
trajs/stack_0000/0011.pickle,579,535,882,527
trajs/stack_0000/0012.pickle,579,535,879,524
trajs/stack_0000/0013.pickle,583,531,878,522
trajs/stack_0000/0014.pickle,581,535,882,522
trajs/stack_0000/0015.pickle,580,529,878,523
trajs/stack_0000/0016.pickle,581,534,880,523
trajs/stack_0000/0017.pickle,580,533,878,521
trajs/stack_0000/0018.pickle,582,534,880,523
trajs/stack_0000/0019.pickle,580,534,877,524
trajs/stack_0000/0020.pickle,583,532,884,522
trajs/stack_0000/0021.pickle,582,535,880,523
trajs/stack_0000/0022.pickle,583,535,878,520
trajs/stack_0000/0023.pickle,581,535,878,525
trajs/stack_0000/0024.pickle,586,537,878,524
trajs/stack_0000/0025.pickle,582,533,880,522
trajs/stack_0000/0026.pickle,582,533,880,524
trajs/stack_0000/0027.pickle,582,539,880,522
trajs/stack_0000/0028.pickle,581,535,883,521
trajs/stack_0000/0029.pickle,579,534,883,522
trajs/stack_0000/0030.pickle,582,533,885,520
trajs/stack_0000/0031.pickle,581,534,880,524
trajs/stack_0000/0032.pickle,581,534,880,522
trajs/stack_0000/0033.pickle,584,533,881,517
trajs/stack_0000/0034.pickle,581,532,880,523
trajs/stack_0000/0035.pickle,586,533,880,523
trajs/stack_0000/0036.pickle,585,533,877,521
trajs/stack_0000/0037.pickle,584,533,879,521
trajs/stack_0000/0038.pickle,582,536,883,522
trajs/stack_0000/0039.pickle,582,533,883,523
trajs/stack_0000/0040.pickle,585,535,877,523
trajs/stack_0000/0041.pickle,584,537,872,520
trajs/stack_0000/0042.pickle,582,535,877,524
trajs/stack_0000/0043.pickle,582,535,881,527
trajs/stack_0000/0044.pickle,581,534,875,525
trajs/stack_0000/0045.pickle,583,535,876,523
trajs/stack_0000/0046.pickle,583,533,876,524
trajs/stack_0000/0047.pickle,583,531,877,524
trajs/stack_0000/0048.pickle,583,535,879,524
trajs/stack_0000/0049.pickle,586,539,878,527
trajs/stack_0000/0050.pickle,584,540,879,526
trajs/stack_0000/0051.pickle,584,540,883,528
trajs/stack_0000/0052.pickle,584,535,877,526
trajs/stack_0000/0053.pickle,585,536,881,528
trajs/stack_0000/0054.pickle,587,536,880,526
trajs/stack_0000/0055.pickle,586,536,878,524
trajs/stack_0000/0056.pickle,582,532,879,520
trajs/stack_0000/0057.pickle,585,533,876,520
trajs/stack_0000/0058.pickle,585,536,879,525
trajs/stack_0000/0059.pickle,584,533,879,520
trajs/stack_0000/0060.pickle,586,533,880,521
trajs/stack_0000/0061.pickle,586,530,879,519
trajs/stack_0000/0062.pickle,589,531,873,518
trajs/stack_0000/0063.pickle,589,529,870,520
trajs/stack_0000/0064.pickle,593,529,869,522
trajs/stack_0000/0065.pickle,595,531,866,520
trajs/stack_0000/0066.pickle,599,532,862,523
trajs/stack_0000/0067.pickle,606,536,860,522
trajs/stack_0000/0068.pickle,605,531,857,526
trajs/stack_0000/0069.pickle,612,531,854,522
trajs/stack_0000/0070.pickle,616,531,846,521
trajs/stack_0000/0071.pickle,620,525,837,523
trajs/stack_0000/0072.pickle,619,527,834,519
trajs/stack_0000/0073.pickle,624,526,836,521
trajs/stack_0000/0074.pickle,628,524,835,516
trajs/stack_0000/0075.pickle,625,528,833,521
trajs/stack_0000/0076.pickle,628,530,834,522
trajs/stack_0000/0077.pickle,625,530,832,521
trajs/stack_0000/0078.pickle,625,528,835,521
trajs/stack_0000/0079.pickle,625,525,832,519
trajs/stack_0000/0080.pickle,624,530,832,520
trajs/stack_0000/0081.pickle,623,529,835,518
trajs/stack_0000/0082.pickle,626,528,832,520
trajs/stack_0000/0083.pickle,628,529,832,521
trajs/stack_0000/0084.pickle,628,524,833,517
trajs/stack_0000/0085.pickle,626,530,833,519
trajs/stack_0000/0086.pickle,628,530,832,521
trajs/stack_0000/0087.pickle,629,527,832,520
trajs/stack_0000/0088.pickle,630,530,835,522
trajs/stack_0000/0089.pickle,631,529,832,517
trajs/stack_0000/0090.pickle,626,529,834,521
trajs/stack_0000/0091.pickle,625,529,833,524
trajs/stack_0000/0092.pickle,630,530,831,521
trajs/stack_0000/0093.pickle,626,532,832,521
trajs/stack_0000/0094.pickle,628,528,831,522
trajs/stack_0000/0095.pickle,625,531,831,520
trajs/stack_0000/0096.pickle,631,531,830,521
trajs/stack_0000/0097.pickle,626,529,832,516
trajs/stack_0000/0098.pickle,625,530,829,520
trajs/stack_0000/0099.pickle,628,532,829,520
trajs/stack_0000/0100.pickle,626,529,831,520
trajs/stack_0000/0101.pickle,622,530,826,518
trajs/stack_0000/0102.pickle,626,531,830,520
trajs/stack_0000/0103.pickle,622,531,828,523
trajs/stack_0000/0104.pickle,624,535,827,524
trajs/stack_0000/0105.pickle,624,534,829,524
trajs/stack_0000/0106.pickle,623,532,825,518
trajs/stack_0000/0107.pickle,620,534,828,520
trajs/stack_0000/0108.pickle,620,535,825,520
trajs/stack_0000/0109.pickle,619,533,827,520
trajs/stack_0000/0110.pickle,621,530,826,519
trajs/stack_0000/0111.pickle,623,532,828,519
trajs/stack_0000/0112.pickle,620,533,828,521
trajs/stack_0000/0113.pickle,619,531,822,518
trajs/stack_0000/0114.pickle,624,534,826,522
trajs/stack_0000/0115.pickle,621,534,823,519
trajs/stack_0000/0116.pickle,621,536,822,526
trajs/stack_0000/0117.pickle,620,531,822,520
trajs/stack_0000/0118.pickle,625,538,826,521
trajs/stack_0000/0119.pickle,614,533,823,523
trajs/stack_0000/0120.pickle,622,534,824,525
trajs/stack_0000/0121.pickle,622,528,823,520
trajs/stack_0000/0122.pickle,619,535,821,520
trajs/stack_0000/0123.pickle,622,533,821,525
trajs/stack_0000/0124.pickle,616,534,823,521
trajs/stack_0000/0125.pickle,620,536,823,519
trajs/stack_0000/0126.pickle,623,527,822,515
trajs/stack_0000/0127.pickle,619,535,820,523
trajs/stack_0000/0128.pickle,614,534,824,517
trajs/stack_0000/0129.pickle,621,528,824,516
trajs/stack_0000/0130.pickle,619,532,823,522
trajs/stack_0000/0131.pickle,615,535,821,521
trajs/stack_0000/0132.pickle,619,532,825,521
trajs/stack_0000/0133.pickle,616,530,822,521
trajs/stack_0000/0134.pickle,620,530,823,519
trajs/stack_0000/0135.pickle,616,530,824,517
trajs/stack_0000/0136.pickle,616,534,825,521
trajs/stack_0000/0137.pickle,616,533,826,521
trajs/stack_0000/0138.pickle,617,536,824,522
trajs/stack_0000/0139.pickle,618,535,822,525
trajs/stack_0000/0140.pickle,616,533,823,521
trajs/stack_0000/0141.pickle,617,529,822,519
trajs/stack_0000/0142.pickle,612,530,823,518
trajs/stack_0000/0143.pickle,614,532,826,520
trajs/stack_0000/0144.pickle,610,530,828,521
trajs/stack_0000/0145.pickle,609,532,827,519
trajs/stack_0000/0146.pickle,606,533,831,521
trajs/stack_0000/0147.pickle,604,535,837,525
trajs/stack_0000/0148.pickle,599,535,839,520
trajs/stack_0000/0149.pickle,600,535,838,524
trajs/stack_0000/0150.pickle,597,535,840,525
trajs/stack_0000/0151.pickle,594,538,845,527
trajs/stack_0000/0152.pickle,594,536,846,523
trajs/stack_0000/0153.pickle,596,535,849,523
trajs/stack_0000/0154.pickle,592,537,849,526
trajs/stack_0000/0155.pickle,596,537,849,524
trajs/stack_0000/0156.pickle,592,536,846,522
trajs/stack_0000/0157.pickle,589,532,846,522
trajs/stack_0000/0158.pickle,592,535,852,521
trajs/stack_0000/0159.pickle,592,538,846,523
trajs/stack_0000/0160.pickle,587,537,848,523
trajs/stack_0000/0161.pickle,591,536,849,526
trajs/stack_0000/0162.pickle,594,535,849,523
trajs/stack_0000/0163.pickle,592,542,849,527